<?xml version="1.0" encoding="UTF-8"?>
<beans:beans xmlns="http://www.springframework.org/schema/mvc"
	xmlns:xsi="http://www.w3.org/2001/XMLSchema-instance" xmlns:beans="http://www.springframework.org/schema/beans"
	xmlns:context="http://www.springframework.org/schema/context"
	xsi:schemaLocation="http://www.springframework.org/schema/mvc http://www.springframework.org/schema/mvc/spring-mvc.xsd
		http://www.springframework.org/schema/beans http://www.springframework.org/schema/beans/spring-beans.xsd
		http://www.springframework.org/schema/context http://www.springframework.org/schema/context/spring-context.xsd">

	<!-- DispatcherServlet Context: defines this servlet's request-processing 
		infrastructure -->

	<!-- Enables the Spring MVC @Controller programming model -->
	<annotation-driven />
	<context:component-scan base-package="com.countrystate" />
	<!-- Resolves views selected for rendering by @Controllers to .jsp resources 
		in the /WEB-INF/views directory -->
	<beans:bean
		class="org.springframework.web.servlet.view.InternalResourceViewResolver">
		<beans:property name="prefix" value="/WEB-INF/views/" />
		<beans:property name="suffix" value=".jsp" />
	</beans:bean>
		
	<!-- autowiring  countryUtil-->
		<beans:bean
		class="com.countrystate.util.CountryUtil" id="countryUtil">
	</beans:bean>
	<!-- autowiring  countryService-->
		<beans:bean
		class="com.countrystate.service.CountryService" id="countryService">
	</beans:bean>
	
	<!-- autowiring  stateUtil-->
		<beans:bean
		class="com.countrystate.util.StateUtil" id="stateUtil">
	</beans:bean>
	<!-- autowiring  stateService-->
		<beans:bean
		class="com.countrystate.service.StateService" id="stateService">
	</beans:bean>
	
		<!-- autowiring  countryDAO-->
		<beans:bean
		class="com.countrystate.DAO.CountryDAO" id="countryDAO">
	</beans:bean>
	
	<!-- autowiring  stateDAO-->
		<beans:bean
		class="com.countrystate.DAO.StateDAO" id="stateDAO">
	</beans:bean>
</beans:beans>
