<?xml version="1.0" encoding="UTF-8"?>
<!DOCTYPE hibernate-configuration PUBLIC
	"-//Hibernate/Hibernate Configuration DTD 3.0//EN"
	"http://www.hibernate.org/dtd/hibernate-configuration-3.0.dtd">
<hibernate-configuration>
	<session-factory>
		<property name="connection.username">root</property>
		<property name="connection.password">root</property>
		<!-- <property name="connection.url">jdbc:mysql://localhost:3306/NewsPaper?createDatabaseIfNotExist=true</property> -->
		<!-- <property name="hibernate.connection.url">jdbc:mysql://127.0.0.1/testing?autoReconnect=true</property> -->
		<property name="hibernate.connection.url">jdbc:mysql://127.0.0.1/countrystatesorting?createDatabaseIfNotExist=true</property>
		<property name="connection.driver_class">com.mysql.jdbc.Driver</property>
		<property name="show_sql">true</property>
		<property name="hbm2ddl.auto">update</property>
		
		<mapping class="com.countrystate.domainobject.CountryDO" />
		<mapping class="com.countrystate.domainobject.StateDO" />
		
	</session-factory>
</hibernate-configuration>